{"stat.useItem.38":1,"stat.fallOneCm":33993,"achievement.openInventory":32,"stat.jump":178,"achievement.exploreAllBiomes":{"value":0,"progress":["Forest"]},"stat.mobKills":43,"stat.mineBlock.31":26,"stat.damageTaken":58060,"stat.useItem.3":7,"stat.deaths":1,"stat.useItem.383":53,"stat.damageDealt":3923,"stat.useItem.12":24,"stat.killEntity.Zombie":1,"stat.drop":30,"stat.flyOneCm":126402,"stat.killEntity.Pig":1,"stat.mineBlock.175":2,"stat.walkOneCm":126868,"stat.swimOneCm":7214,"stat.diveOneCm":12783,"stat.entityKilledBy.Zombie":1,"stat.mineBlock.161":1,"stat.playOneMinute":18122}